user_id,reference
00RL8Z82B2Z1,666856
00RL8Z82B2Z1,666856
00RL8Z82B2Z1,666856
00RL8Z82B2Z1,109038
00RL8Z82B2Z1,666856
00RL8Z82B2Z1,109038
00RL8Z82B2Z1,666856
00RL8Z82B2Z1,109038
00RL8Z82B2Z1,109038
00RL8Z82B2Z1,109038
00RL8Z82B2Z1,109038
00RL8Z82B2Z1,109038
00RL8Z82B2Z1,109038
00RL8Z82B2Z1,1257342
02HGRBA06ODU,3377332
02HGRBA06ODU,3377332
02HGRBA06ODU,3377332
02HGRBA06ODU,3377332
02HGRBA06ODU,3066244
02HGRBA06ODU,3066244
02HGRBA06ODU,3066244
02HGRBA06ODU,3066244
02HGRBA06ODU,3066244
02HGRBA06ODU,3066244
02HGRBA06ODU,3066244
02HGRBA06ODU,3066244
02HGRBA06ODU,3066244
02HGRBA06ODU,3066244
02HGRBA06ODU,3066244
02HGRBA06ODU,3066244
02HGRBA06ODU,3066244
02HGRBA06ODU,3066244
02HGRBA06ODU,3066244
02HGRBA06ODU,3066244
02HGRBA06ODU,3066244
02HGRBA06ODU,3066244
02HGRBA06ODU,3066244
02HGRBA06ODU,3066244
02HGRBA06ODU,3066244
02HGRBA06ODU,3066244
02HGRBA06ODU,3066244
02HGRBA06ODU,3066244
02HGRBA06ODU,3066244
02HGRBA06ODU,3066244
02HGRBA06ODU,3066244
02HGRBA06ODU,3066244
02HGRBA06ODU,3066244
02HGRBA06ODU,3066244
02HGRBA06ODU,3066244
02HGRBA06ODU,3066244
02HGRBA06ODU,3066244
02HGRBA06ODU,3066244
02HGRBA06ODU,3066244
02HGRBA06ODU,3066244
02HGRBA06ODU,3066244
02HGRBA06ODU,3066244
02HGRBA06ODU,3066244
02HGRBA06ODU,3066244
02HGRBA06ODU,3066244
02HGRBA06ODU,3066244
02HGRBA06ODU,3066244
02HGRBA06ODU,3066244
02HGRBA06ODU,3066244
02HGRBA06ODU,3066244
02HGRBA06ODU,3066244
02HGRBA06ODU,3066244
02HGRBA06ODU,3066244
02HGRBA06ODU,3066244
02HGRBA06ODU,3066244
02HGRBA06ODU,3066244
02HGRBA06ODU,3066244
02HGRBA06ODU,3066244
02HGRBA06ODU,3066244
02HGRBA06ODU,3066244
02HGRBA06ODU,3066244
02HGRBA06ODU,3066244
02HGRBA06ODU,3066244
02HGRBA06ODU,3066244
02HGRBA06ODU,3066244
02SRUT1NQYH1,2795374
02SRUT1NQYH1,2795374
02SRUT1NQYH1,2795374
02SRUT1NQYH1,2795374
02SRUT1NQYH1,2795374
02SRUT1NQYH1,2795374
02SRUT1NQYH1,2795374
02SRUT1NQYH1,2795374
02SRUT1NQYH1,2795374
02SRUT1NQYH1,2795374
02SRUT1NQYH1,2795374
02SRUT1NQYH1,2795374
02SRUT1NQYH1,2795374
02SRUT1NQYH1,2795374
02SRUT1NQYH1,2795374
02SRUT1NQYH1,2795374
02SRUT1NQYH1,2795374
02SRUT1NQYH1,2795374
02SRUT1NQYH1,2795374
02SRUT1NQYH1,2795374
02SRUT1NQYH1,2795374
02SRUT1NQYH1,2795374
02SRUT1NQYH1,2795374
02SRUT1NQYH1,2795374
02SRUT1NQYH1,2795374
02SRUT1NQYH1,2795374
02SRUT1NQYH1,2795374
02SRUT1NQYH1,2795374
02SRUT1NQYH1,2795374
02SRUT1NQYH1,2795374
02SRUT1NQYH1,2795374
02SRUT1NQYH1,2795374
02SRUT1NQYH1,2795374
02SRUT1NQYH1,2795374
02SRUT1NQYH1,2795374
03P4VFKK12UO,65685
03P4VFKK12UO,65685
03P4VFKK12UO,65685
03P4VFKK12UO,65685
03P4VFKK12UO,65685
03P4VFKK12UO,65685
03P4VFKK12UO,65685
03P4VFKK12UO,65685
03P4VFKK12UO,65685
03P4VFKK12UO,65685
03P4VFKK12UO,65685
03P4VFKK12UO,65685
03P4VFKK12UO,65685
03P4VFKK12UO,65685
03P4VFKK12UO,65685
03P4VFKK12UO,65685
03P4VFKK12UO,65685
03P4VFKK12UO,65685
03P4VFKK12UO,65685
03P4VFKK12UO,65685
03P4VFKK12UO,65685
03P4VFKK12UO,65685
03P4VFKK12UO,65685
03P4VFKK12UO,65685
03P4VFKK12UO,65685
03P4VFKK12UO,65685
03P4VFKK12UO,65685
03P4VFKK12UO,65685
03P4VFKK12UO,65685
03P4VFKK12UO,65685
03P4VFKK12UO,65685
03P4VFKK12UO,65685
03P4VFKK12UO,65685
03P4VFKK12UO,65685
03P4VFKK12UO,65685
03P4VFKK12UO,65685
03P4VFKK12UO,65685
03P4VFKK12UO,65685
03P4VFKK12UO,1320460
0473FZ8UNXRS,749441
0473FZ8UNXRS,1258184
0473FZ8UNXRS,3143258
066TUPQWUEV5,2552514
066TUPQWUEV5,2552514
066TUPQWUEV5,2552514
06S61EKCW1JY,110591
0K009FGORI30,104499
0K009FGORI30,104499
0K009FGORI30,104499
0KCQVHPEIWT0,4138580
0KCQVHPEIWT0,4138580
0KCQVHPEIWT0,4138580
0KCQVHPEIWT0,4138580
0KCQVHPEIWT0,4138580
0KCQVHPEIWT0,4138580
0KCQVHPEIWT0,4138580
0KCQVHPEIWT0,4138580
0KCQVHPEIWT0,4138580
0KCQVHPEIWT0,4138580
0KCQVHPEIWT0,478026
0KCQVHPEIWT0,478026
0KCQVHPEIWT0,478026
0KCQVHPEIWT0,4138580
0KCQVHPEIWT0,4138580
0L2TX0JNYVQ6,10091602
0L2TX0JNYVQ6,10091602
0L2TX0JNYVQ6,10091602
0L2TX0JNYVQ6,1394008
0L2TX0JNYVQ6,1394008
0L2TX0JNYVQ6,5109850
0L2TX0JNYVQ6,475256
0L2TX0JNYVQ6,475256
0L2TX0JNYVQ6,10091602
0L2TX0JNYVQ6,10091602
0L2TX0JNYVQ6,10091602
0L2TX0JNYVQ6,6893402
0LEN9Z40SUSJ,46893
0LEN9Z40SUSJ,46893
0LEN9Z40SUSJ,3191226
0LPWXP7ZIW88,9387652
0LPWXP7ZIW88,2564964
0LPWXP7ZIW88,2564964
0LPWXP7ZIW88,2564964
0LPWXP7ZIW88,2896408
0LPWXP7ZIW88,2896408
0LPWXP7ZIW88,2896408
0LPWXP7ZIW88,3484132
0LPWXP7ZIW88,3484132
0LPWXP7ZIW88,3484132
0LPWXP7ZIW88,3484132
0LPWXP7ZIW88,3484132
0LPWXP7ZIW88,3484132
0LPWXP7ZIW88,3484132
0LPWXP7ZIW88,3484132
0LPWXP7ZIW88,3484132
0LPWXP7ZIW88,3484132
0LPWXP7ZIW88,3484132
0LPWXP7ZIW88,3484132
0LPWXP7ZIW88,3484132
0LPWXP7ZIW88,3484132
0LPWXP7ZIW88,3484132
0LPWXP7ZIW88,3484132
0LPWXP7ZIW88,3484132
0LPWXP7ZIW88,3484132
0LPWXP7ZIW88,3484132
0LPWXP7ZIW88,3484132
0LPWXP7ZIW88,3484132
0LPWXP7ZIW88,3484132
0LPWXP7ZIW88,3484132
0LPWXP7ZIW88,3484132
0LPWXP7ZIW88,6696574
0MQZRPGN1GOS,2395594
0MQZRPGN1GOS,2395594
0MQZRPGN1GOS,2395594
0MQZRPGN1GOS,2395594
0MQZRPGN1GOS,2395594
0MQZRPGN1GOS,2395594
0MQZRPGN1GOS,2395594
0MQZRPGN1GOS,2395594
0MQZRPGN1GOS,2395594
0MQZRPGN1GOS,2395594
0MQZRPGN1GOS,2395594
0MQZRPGN1GOS,2395594
0MQZRPGN1GOS,2395594
0MQZRPGN1GOS,2395594
0MQZRPGN1GOS,2395594
0MQZRPGN1GOS,2395594
0MQZRPGN1GOS,2395594
0MQZRPGN1GOS,2395594
0MQZRPGN1GOS,2395594
0MQZRPGN1GOS,2395594
0MQZRPGN1GOS,2395594
0MQZRPGN1GOS,2395594
0MQZRPGN1GOS,2395594
0MQZRPGN1GOS,2395594
0MQZRPGN1GOS,2395594
0NA8E4AD2VY7,1045290
0NA8E4AD2VY7,1045290
0NA8E4AD2VY7,1045290
0NA8E4AD2VY7,1045290
0NA8E4AD2VY7,1045290
0NA8E4AD2VY7,1045290
0NA8E4AD2VY7,1045290
0NA8E4AD2VY7,1045290
0NA8E4AD2VY7,1045290
0NA8E4AD2VY7,1045290
0NA8E4AD2VY7,1045290
0NA8E4AD2VY7,1045290
0NA8E4AD2VY7,1045290
0NA8E4AD2VY7,1045290
0NA8E4AD2VY7,1045290
0NA8E4AD2VY7,1045290
0NA8E4AD2VY7,1045290
0NA8E4AD2VY7,1045290
0NA8E4AD2VY7,1045290
0NA8E4AD2VY7,1045290
0NA8E4AD2VY7,1045290
0NA8E4AD2VY7,1045290
0NA8E4AD2VY7,1045290
0NA8E4AD2VY7,1045290
0NA8E4AD2VY7,1045290
0NA8E4AD2VY7,1045290
0NA8E4AD2VY7,1045290
0NA8E4AD2VY7,1045290
0NA8E4AD2VY7,1045290
0NA8E4AD2VY7,1045290
0NA8E4AD2VY7,1045290
0NA8E4AD2VY7,1045290
0NA8E4AD2VY7,1045290
0NA8E4AD2VY7,1045290
0NA8E4AD2VY7,1045290
0NA8E4AD2VY7,1045290
0NA8E4AD2VY7,1045290
0NA8E4AD2VY7,320366
0NA8E4AD2VY7,320366
0NA8E4AD2VY7,320366
0NA8E4AD2VY7,320366
0NA8E4AD2VY7,320366
0NA8E4AD2VY7,320366
0NA8E4AD2VY7,320366
0NA8E4AD2VY7,320366
0NA8E4AD2VY7,320366
0NA8E4AD2VY7,320366
0NA8E4AD2VY7,320366
0NA8E4AD2VY7,320366
0NA8E4AD2VY7,320366
0NA8E4AD2VY7,320366
0NA8E4AD2VY7,320366
0NA8E4AD2VY7,320366
0NA8E4AD2VY7,320366
0NA8E4AD2VY7,320366
0NA8E4AD2VY7,320366
0NA8E4AD2VY7,320366
0NA8E4AD2VY7,320366
0NA8E4AD2VY7,320366
0NA8E4AD2VY7,320366
0NA8E4AD2VY7,320366
0NA8E4AD2VY7,320366
0NA8E4AD2VY7,320366
0NA8E4AD2VY7,320366
0NA8E4AD2VY7,320366
0NA8E4AD2VY7,320366
0NA8E4AD2VY7,320366
0NA8E4AD2VY7,320366
0NA8E4AD2VY7,320366
0NA8E4AD2VY7,320366
0NA8E4AD2VY7,320366
0NA8E4AD2VY7,320366
0NA8E4AD2VY7,320366
0NA8E4AD2VY7,320366
0NA8E4AD2VY7,1091180
0NA8E4AD2VY7,1091180
0NA8E4AD2VY7,1091180
0NA8E4AD2VY7,1091180
0NA8E4AD2VY7,1091180
0NA8E4AD2VY7,1091180
0NA8E4AD2VY7,1091180
0NA8E4AD2VY7,1091180
0NA8E4AD2VY7,1091180
0NA8E4AD2VY7,1091180
0NA8E4AD2VY7,1091180
0NA8E4AD2VY7,1091180
0NA8E4AD2VY7,1091180
0NA8E4AD2VY7,1091180
0NA8E4AD2VY7,1091180
0NA8E4AD2VY7,1091180
0NA8E4AD2VY7,1091180
0NA8E4AD2VY7,1091180
0NA8E4AD2VY7,1091180
0NA8E4AD2VY7,1091180
0NA8E4AD2VY7,1091180
0NA8E4AD2VY7,1091180
0NA8E4AD2VY7,1091180
0NA8E4AD2VY7,1091180
0NA8E4AD2VY7,3404929
0NA8E4AD2VY7,3404929
0NA8E4AD2VY7,3404929
0NA8E4AD2VY7,3404929
0NA8E4AD2VY7,3404929
0NA8E4AD2VY7,3404929
0NA8E4AD2VY7,3404929
0NA8E4AD2VY7,3404929
0NA8E4AD2VY7,3404929
0NA8E4AD2VY7,3404929
0NA8E4AD2VY7,3404929
0NA8E4AD2VY7,3404929
0NA8E4AD2VY7,3135752
0NN8D1GWBW1F,9164598
0O1CTEP95YKQ,63051
0O1CTEP95YKQ,2851635
0O1CTEP95YKQ,62454
0O1CTEP95YKQ,8602
0P3WZY097PQI,488501
0P3WZY097PQI,8563
0P3WZY097PQI,8602
0P3WZY097PQI,2793224
0P3WZY097PQI,8602
0P3WZY097PQI,2793224
0P3WZY097PQI,2793224
0P3WZY097PQI,8602
0P3WZY097PQI,2793224
0P3WZY097PQI,8602
0P3WZY097PQI,2793224
0P3WZY097PQI,2793224
0NA8E4AD2VY7,320366
0NA8E4AD2VY7,320366
0NA8E4AD2VY7,320366
0NA8E4AD2VY7,320366
0NA8E4AD2VY7,320366
0NA8E4AD2VY7,320366
0NA8E4AD2VY7,320366
0NA8E4AD2VY7,320366
0NA8E4AD2VY7,320366
0NA8E4AD2VY7,320366
0NA8E4AD2VY7,320366
0NA8E4AD2VY7,320366
0NA8E4AD2VY7,320366
0NA8E4AD2VY7,320366
0NA8E4AD2VY7,320366
0NA8E4AD2VY7,320366
0NA8E4AD2VY7,320366
0NA8E4AD2VY7,320366
0NA8E4AD2VY7,320366
0NA8E4AD2VY7,320366
0NA8E4AD2VY7,1091180
0NA8E4AD2VY7,1091180
0NA8E4AD2VY7,1091180
0NA8E4AD2VY7,1091180
0NA8E4AD2VY7,1091180
0NA8E4AD2VY7,1091180
0NA8E4AD2VY7,1091180
0NA8E4AD2VY7,1091180
0NA8E4AD2VY7,1091180
0NA8E4AD2VY7,1091180
0NA8E4AD2VY7,1091180
0NA8E4AD2VY7,1091180
0NA8E4AD2VY7,1091180
0NA8E4AD2VY7,1091180
0NA8E4AD2VY7,1091180
0NA8E4AD2VY7,1091180
0NA8E4AD2VY7,1091180
0NA8E4AD2VY7,1091180
0NA8E4AD2VY7,1091180
0NA8E4AD2VY7,1091180
0NA8E4AD2VY7,1091180
0NA8E4AD2VY7,1091180
0NA8E4AD2VY7,1091180
0NA8E4AD2VY7,1091180
0NA8E4AD2VY7,3404929
0NA8E4AD2VY7,3404929
0NA8E4AD2VY7,3404929
0NA8E4AD2VY7,3404929
0NA8E4AD2VY7,3404929
0NA8E4AD2VY7,3404929
0NA8E4AD2VY7,3404929
0NA8E4AD2VY7,3404929
0NA8E4AD2VY7,3404929
0NA8E4AD2VY7,3404929
0NA8E4AD2VY7,3404929
0NA8E4AD2VY7,3404929
0NA8E4AD2VY7,3135752
0NN8D1GWBW1F,9164598
0O1CTEP95YKQ,63051
0O1CTEP95YKQ,2851635
0O1CTEP95YKQ,62454
0O1CTEP95YKQ,8602
0P3WZY097PQI,488501
0P3WZY097PQI,8563
0P3WZY097PQI,8602
0P3WZY097PQI,2793224
0P3WZY097PQI,8602
0P3WZY097PQI,2793224
0P3WZY097PQI,2793224
0P3WZY097PQI,8602
0P3WZY097PQI,2793224
0P3WZY097PQI,8602
0P3WZY097PQI,2793224
0P3WZY097PQI,2793224
